config,dataset,group,filter,loss_mode,train_reduction,test_mean,test_std,test_n,steps,wall_s,converged,per_pair_reductions
level2_affine_backbone_all,level_1_vs_level_2,backbone.all,affine_6param,,0.0332,0.0352,0.0169,6,1872,74.5,True,0.0506;0.0326;0.0306;0.0342;0.0049;0.0584
level2_affine_backbone_all_proj,level_1_vs_level_2,backbone.all+proj,affine_6param,,0.0380,0.0385,0.0188,6,1872,75.0,True,0.0555;0.0325;0.0302;0.0390;0.0076;0.0660
level2_affine_backbone_early,level_1_vs_level_2,backbone.early,affine_6param,,0.0322,0.0754,0.0151,6,2592,87.4,True,0.0987;0.0783;0.0688;0.0665;0.0521;0.0878
level2_affine_backbone_early_proj,level_1_vs_level_2,backbone.early+proj,affine_6param,,0.0391,0.0696,0.0214,6,2160,83.0,True,0.1002;0.0629;0.0558;0.0667;0.0382;0.0936
level2_affine_backbone_late,level_1_vs_level_2,backbone.late,affine_6param,,0.0666,0.0783,0.0333,6,2160,80.6,True,0.1068;0.0558;0.0846;0.0430;0.0461;0.1333
level2_affine_backbone_late_proj,level_1_vs_level_2,backbone.late+proj,affine_6param,,0.0824,0.0949,0.0293,6,2592,98.6,True,0.1183;0.0916;0.0667;0.0761;0.0689;0.1475
level2_affine_backbone_mid,level_1_vs_level_2,backbone.mid,affine_6param,,0.0073,0.0087,0.0038,6,1584,62.2,True,0.0092;0.0129;0.0082;0.0090;0.0011;0.0117
level2_affine_backbone_mid_proj,level_1_vs_level_2,backbone.mid+proj,affine_6param,,0.0172,0.0184,0.0109,6,1872,73.6,True,0.0274;0.0186;0.0091;0.0154;0.0035;0.0362
level2_affine_proj_decoder,level_1_vs_level_2,proj+decoder,affine_6param,,0.0361,0.0493,0.0131,6,4320,171.8,True,0.0640;0.0290;0.0417;0.0402;0.0586;0.0625
level2_affine_projector,level_1_vs_level_2,projector,affine_6param,,0.1584,0.2042,0.0655,6,4464,175.6,True,0.2749;0.2022;0.0914;0.1878;0.1804;0.2888
level2_brightness_backbone_all,level_1_vs_level_2,backbone.all,brightness_2param,,0.0099,0.0160,0.0129,6,1584,65.7,True,0.0286;0.0108;0.0131;0.0083;-0.0017;0.0368
level2_brightness_backbone_all_proj,level_1_vs_level_2,backbone.all+proj,brightness_2param,,0.0117,0.0184,0.0143,6,1584,65.8,True,0.0324;0.0115;0.0132;0.0109;0.0000;0.0423
level2_brightness_backbone_early,level_1_vs_level_2,backbone.early,brightness_2param,,0.0113,0.0477,0.0131,6,2880,99.1,True,0.0646;0.0444;0.0494;0.0399;0.0260;0.0618
level2_brightness_backbone_early_proj,level_1_vs_level_2,backbone.early+proj,brightness_2param,,0.0131,0.0469,0.0157,6,2880,111.5,True,0.0670;0.0408;0.0432;0.0388;0.0239;0.0675
level2_brightness_backbone_late,level_1_vs_level_2,backbone.late,brightness_2param,,0.0381,0.0288,0.0193,6,2016,75.1,True,0.0352;0.0274;0.0222;0.0203;0.0022;0.0657
level2_brightness_backbone_late_proj,level_1_vs_level_2,backbone.late+proj,brightness_2param,,0.0436,0.0385,0.0231,6,1728,66.4,True,0.0488;0.0441;0.0231;0.0260;0.0084;0.0804
level2_brightness_backbone_mid,level_1_vs_level_2,backbone.mid,brightness_2param,,0.0012,-0.0031,0.0026,6,1584,59.9,True,-0.0019;-0.0054;-0.0036;-0.0044;-0.0053;0.0022
level2_brightness_backbone_mid_proj,level_1_vs_level_2,backbone.mid+proj,brightness_2param,,0.0076,-0.0004,0.0080,6,1584,60.0,True,0.0063;-0.0051;-0.0080;-0.0038;-0.0063;0.0142
level2_brightness_proj_decoder,level_1_vs_level_2,proj+decoder,brightness_2param,,0.0197,0.0245,0.0150,6,1728,72.5,True,0.0485;0.0023;0.0250;0.0234;0.0122;0.0357
level2_brightness_projector,level_1_vs_level_2,projector,brightness_2param,,0.0969,0.1232,0.0401,6,1872,78.7,True,0.1518;0.1443;0.0773;0.1200;0.0669;0.1788
level2_ccm_backbone_all,level_1_vs_level_2,backbone.all,ccm_high_order,,0.0418,0.0981,0.0076,6,4464,189.7,True,0.0956;0.1108;0.0857;0.0991;0.0949;0.1023
level2_ccm_backbone_all_proj,level_1_vs_level_2,backbone.all+proj,ccm_high_order,,0.0454,0.1022,0.0104,6,7056,302.5,True,0.0975;0.1165;0.0830;0.1031;0.1040;0.1091
level2_ccm_backbone_early,level_1_vs_level_2,backbone.early,ccm_high_order,,0.0442,0.1239,0.0202,6,4896,201.4,True,0.1463;0.1390;0.1242;0.1217;0.0828;0.1297
level2_ccm_backbone_early_proj,level_1_vs_level_2,backbone.early+proj,ccm_high_order,,0.0522,0.1297,0.0121,6,7056,304.2,True,0.1418;0.1445;0.1133;0.1256;0.1163;0.1368
level2_ccm_backbone_late,level_1_vs_level_2,backbone.late,ccm_high_order,,0.0877,0.1614,0.0197,6,4464,193.5,True,0.1507;0.1792;0.1319;0.1510;0.1916;0.1640
level2_ccm_backbone_late_proj,level_1_vs_level_2,backbone.late+proj,ccm_high_order,,0.0765,0.1534,0.0191,6,6480,281.8,True,0.1453;0.1668;0.1171;0.1565;0.1563;0.1783
level2_ccm_backbone_mid,level_1_vs_level_2,backbone.mid,ccm_high_order,,0.0231,0.0476,0.0140,6,5616,238.7,True,0.0505;0.0596;0.0523;0.0549;0.0171;0.0510
level2_ccm_backbone_mid_proj,level_1_vs_level_2,backbone.mid+proj,ccm_high_order,,0.0325,0.0629,0.0088,6,5904,257.7,True,0.0586;0.0750;0.0487;0.0651;0.0587;0.0713
level2_ccm_proj_decoder,level_1_vs_level_2,proj+decoder,ccm_high_order,,0.0339,0.0540,0.0105,6,3456,154.2,True,0.0677;0.0497;0.0537;0.0361;0.0651;0.0515
level2_ccm_projector,level_1_vs_level_2,projector,ccm_high_order,,0.1444,0.2366,0.0455,6,6480,264.8,True,0.2608;0.2638;0.1435;0.2152;0.2687;0.2675
level2_chromatic_backbone_all,level_1_vs_level_2,backbone.all,chromatic_adaptation,,0.0019,0.0073,0.0062,6,2448,103.7,True,0.0055;0.0043;0.0092;0.0051;-0.0003;0.0197
level2_chromatic_backbone_all_proj,level_1_vs_level_2,backbone.all+proj,chromatic_adaptation,,0.0023,0.0082,0.0074,6,2448,103.8,True,0.0078;0.0053;0.0097;0.0046;-0.0011;0.0229
level2_chromatic_backbone_early,level_1_vs_level_2,backbone.early,chromatic_adaptation,,0.0016,0.0178,0.0061,6,2736,94.2,True,0.0120;0.0139;0.0161;0.0204;0.0145;0.0302
level2_chromatic_backbone_early_proj,level_1_vs_level_2,backbone.early+proj,chromatic_adaptation,,0.0014,0.0126,0.0068,6,2736,109.6,True,0.0095;0.0063;0.0115;0.0115;0.0090;0.0274
level2_chromatic_backbone_late,level_1_vs_level_2,backbone.late,chromatic_adaptation,,0.0163,0.0472,0.0223,6,2448,96.2,True,0.0561;0.0617;0.0416;0.0504;0.0019;0.0718
level2_chromatic_backbone_late_proj,level_1_vs_level_2,backbone.late+proj,chromatic_adaptation,,0.0182,0.0525,0.0285,6,3024,121.2,True,0.0688;0.0727;0.0412;0.0515;-0.0031;0.0837
level2_chromatic_backbone_mid,level_1_vs_level_2,backbone.mid,chromatic_adaptation,,0.0018,0.0066,0.0041,6,1584,61.4,True,0.0051;0.0120;0.0065;0.0076;-0.0012;0.0098
level2_chromatic_backbone_mid_proj,level_1_vs_level_2,backbone.mid+proj,chromatic_adaptation,,0.0032,0.0144,0.0082,6,2160,86.1,True,0.0163;0.0228;0.0108;0.0104;0.0007;0.0252
level2_chromatic_proj_decoder,level_1_vs_level_2,proj+decoder,chromatic_adaptation,,0.0094,0.0209,0.0129,6,1872,74.1,True,0.0370;0.0265;0.0217;0.0093;-0.0005;0.0316
level2_chromatic_projector,level_1_vs_level_2,projector,chromatic_adaptation,,0.0356,0.0934,0.0713,6,1872,72.9,True,0.1625;0.1464;0.0482;0.0655;-0.0283;0.1664
level2_gamma_backbone_all,level_1_vs_level_2,backbone.all,gamma_3param,,0.0266,0.0412,0.0137,6,3312,131.3,True,0.0556;0.0546;0.0440;0.0404;0.0145;0.0383
level2_gamma_backbone_all_proj,level_1_vs_level_2,backbone.all+proj,gamma_3param,,0.0288,0.0427,0.0141,6,3312,131.6,True,0.0568;0.0576;0.0422;0.0432;0.0150;0.0412
level2_gamma_backbone_early,level_1_vs_level_2,backbone.early,gamma_3param,,0.0354,0.0677,0.0157,6,1584,55.8,True,0.0850;0.0856;0.0742;0.0629;0.0415;0.0570
level2_gamma_backbone_early_proj,level_1_vs_level_2,backbone.early+proj,gamma_3param,,0.0370,0.0620,0.0211,6,3168,126.4,True,0.0872;0.0836;0.0661;0.0617;0.0251;0.0481
level2_gamma_backbone_late,level_1_vs_level_2,backbone.late,gamma_3param,,0.0331,0.0544,0.0176,6,2736,106.4,True,0.0554;0.0802;0.0402;0.0564;0.0263;0.0681
level2_gamma_backbone_late_proj,level_1_vs_level_2,backbone.late+proj,gamma_3param,,0.0379,0.0666,0.0183,6,1872,72.4,True,0.0576;0.0979;0.0555;0.0644;0.0423;0.0815
level2_gamma_backbone_mid,level_1_vs_level_2,backbone.mid,gamma_3param,,0.0179,0.0262,0.0105,6,1872,70.7,True,0.0371;0.0349;0.0307;0.0209;0.0059;0.0280
level2_gamma_backbone_mid_proj,level_1_vs_level_2,backbone.mid+proj,gamma_3param,,0.0265,0.0356,0.0120,6,1872,74.4,True,0.0444;0.0501;0.0305;0.0330;0.0132;0.0424
level2_gamma_proj_decoder,level_1_vs_level_2,proj+decoder,gamma_3param,,0.0136,0.0321,0.0171,6,1584,64.1,True,0.0412;0.0313;0.0544;0.0030;0.0185;0.0443
level2_gamma_projector,level_1_vs_level_2,projector,gamma_3param,,0.0736,0.1356,0.0338,6,2016,82.7,True,0.1044;0.2081;0.1153;0.1244;0.1265;0.1351
level2_local_tonemap_backbone_all,level_1_vs_level_2,backbone.all,local_tonemap(grid_size=4),,0.0065,0.0193,0.0066,6,2304,95.8,True,0.0146;0.0081;0.0192;0.0211;0.0243;0.0287
level2_local_tonemap_backbone_all_proj,level_1_vs_level_2,backbone.all+proj,local_tonemap(grid_size=4),,0.0092,0.0224,0.0092,6,1728,73.5,True,0.0156;0.0080;0.0192;0.0254;0.0339;0.0325
level2_local_tonemap_backbone_early,level_1_vs_level_2,backbone.early,local_tonemap(grid_size=4),,0.0065,0.0394,0.0051,6,4320,159.4,True,0.0383;0.0313;0.0406;0.0384;0.0391;0.0487
level2_local_tonemap_backbone_early_proj,level_1_vs_level_2,backbone.early+proj,local_tonemap(grid_size=4),,0.0111,0.0463,0.0081,6,4752,204.3,True,0.0425;0.0352;0.0416;0.0447;0.0568;0.0571
level2_local_tonemap_backbone_late,level_1_vs_level_2,backbone.late,local_tonemap(grid_size=4),,0.0449,0.0307,0.0341,6,2016,88.2,True,0.0089;-0.0209;0.0173;0.0384;0.0862;0.0541
level2_local_tonemap_backbone_late_proj,level_1_vs_level_2,backbone.late+proj,local_tonemap(grid_size=4),,0.0559,0.0425,0.0397,6,2016,87.0,True,0.0194;-0.0115;0.0190;0.0501;0.1122;0.0657
level2_local_tonemap_backbone_mid,level_1_vs_level_2,backbone.mid,local_tonemap(grid_size=4),,0.0010,0.0065,0.0028,6,1728,71.6,True,0.0062;0.0035;0.0092;0.0083;0.0022;0.0095
level2_local_tonemap_backbone_mid_proj,level_1_vs_level_2,backbone.mid+proj,local_tonemap(grid_size=4),,0.0053,0.0154,0.0063,6,2304,101.0,True,0.0105;0.0061;0.0119;0.0185;0.0220;0.0231
level2_local_tonemap_proj_decoder,level_1_vs_level_2,proj+decoder,local_tonemap(grid_size=4),,0.0283,0.0298,0.0192,6,2160,95.6,True,0.0204;-0.0017;0.0339;0.0219;0.0572;0.0469
level2_local_tonemap_projector,level_1_vs_level_2,projector,local_tonemap(grid_size=4),,0.1406,0.1481,0.0703,6,1728,73.2,True,0.1214;0.1093;0.0431;0.1518;0.2672;0.1956
level2_lut3d_backbone_all,level_1_vs_level_2,backbone.all,lut_3d(size=9),,0.0512,0.1293,0.0446,6,2304,96.1,True,0.1464;0.1738;0.1377;0.1329;0.0340;0.1513
level2_lut3d_backbone_all_proj,level_1_vs_level_2,backbone.all+proj,lut_3d(size=9),,0.0574,0.1349,0.0462,6,2304,95.0,True,0.1545;0.1833;0.1363;0.1373;0.0378;0.1604
level2_lut3d_backbone_early,level_1_vs_level_2,backbone.early,lut_3d(size=9),,0.0344,0.1401,0.0358,6,2448,85.5,True,0.1630;0.1687;0.1571;0.1371;0.0632;0.1515
level2_lut3d_backbone_early_proj,level_1_vs_level_2,backbone.early+proj,lut_3d(size=9),,0.0471,0.1508,0.0415,6,3456,142.3,True,0.1813;0.1896;0.1568;0.1409;0.0649;0.1712
level2_lut3d_backbone_late,level_1_vs_level_2,backbone.late,lut_3d(size=9),,0.0935,0.1986,0.0473,6,2304,95.3,True,0.1910;0.2622;0.1842;0.2155;0.1097;0.2288
level2_lut3d_backbone_late_proj,level_1_vs_level_2,backbone.late+proj,lut_3d(size=9),,0.1004,0.2097,0.0553,6,2304,94.1,True,0.2140;0.2772;0.1876;0.2290;0.1025;0.2477
level2_lut3d_backbone_mid,level_1_vs_level_2,backbone.mid,lut_3d(size=9),,0.0361,0.0777,0.0418,6,2304,92.4,True,0.0923;0.1089;0.1017;0.0842;-0.0142;0.0935
level2_lut3d_backbone_mid_proj,level_1_vs_level_2,backbone.mid+proj,lut_3d(size=9),,0.0502,0.1014,0.0426,6,2304,102.9,True,0.1219;0.1429;0.1065;0.0961;0.0122;0.1288
level2_lut3d_proj_decoder,level_1_vs_level_2,proj+decoder,lut_3d(size=9),,0.0249,0.0609,0.0104,6,4032,190.9,True,0.0604;0.0569;0.0611;0.0487;0.0562;0.0823
level2_lut3d_projector,level_1_vs_level_2,projector,lut_3d(size=9),,0.1281,0.2964,0.0758,6,5328,257.0,True,0.3535;0.3851;0.2196;0.2977;0.1748;0.3478
level2_matrix_backbone_all,level_1_vs_level_2,backbone.all,matrix_12param,,0.0409,0.0492,0.0162,6,4464,218.7,True,0.0645;0.0544;0.0369;0.0511;0.0205;0.0675
level2_matrix_backbone_all_proj,level_1_vs_level_2,backbone.all+proj,matrix_12param,,0.0459,0.0525,0.0173,6,5616,289.5,True,0.0681;0.0567;0.0348;0.0553;0.0257;0.0746
level2_matrix_backbone_early,level_1_vs_level_2,backbone.early,matrix_12param,,0.0399,0.0841,0.0136,6,2736,137.2,True,0.1059;0.0871;0.0757;0.0752;0.0655;0.0955
level2_matrix_backbone_early_proj,level_1_vs_level_2,backbone.early+proj,matrix_12param,,0.0498,0.0811,0.0231,6,4464,236.7,True,0.1140;0.0777;0.0619;0.0800;0.0474;0.1057
level2_matrix_backbone_late,level_1_vs_level_2,backbone.late,matrix_12param,,0.0965,0.1308,0.0274,6,2304,123.9,True,0.1544;0.1616;0.1012;0.0996;0.1101;0.1578
level2_matrix_backbone_late_proj,level_1_vs_level_2,backbone.late+proj,matrix_12param,,0.1049,0.1417,0.0313,6,2592,139.5,True,0.1731;0.1720;0.1010;0.1065;0.1268;0.1709
level2_matrix_backbone_mid,level_1_vs_level_2,backbone.mid,matrix_12param,,0.0102,0.0142,0.0046,6,1728,89.9,True,0.0167;0.0179;0.0136;0.0144;0.0047;0.0181
level2_matrix_backbone_mid_proj,level_1_vs_level_2,backbone.mid+proj,matrix_12param,,0.0201,0.0232,0.0105,6,1728,90.3,True,0.0297;0.0307;0.0118;0.0215;0.0081;0.0374
level2_matrix_proj_decoder,level_1_vs_level_2,proj+decoder,matrix_12param,,0.0348,0.0516,0.0214,6,7200,416.2,True,0.0845;0.0363;0.0364;0.0261;0.0750;0.0516
level2_matrix_projector,level_1_vs_level_2,projector,matrix_12param,,0.1430,0.2057,0.0592,6,3888,229.5,True,0.2578;0.2002;0.0929;0.2078;0.1958;0.2796
level2_spatial_tone_backbone_all,level_1_vs_level_2,backbone.all,"spatial_tone_curve(P=8,grid_size=3)",,0.0923,0.1034,0.0550,6,4464,266.2,True,0.1287;0.1504;0.1274;0.1027;-0.0157;0.1268
level2_spatial_tone_backbone_all_proj,level_1_vs_level_2,backbone.all+proj,"spatial_tone_curve(P=8,grid_size=3)",,0.0998,0.1104,0.0568,6,4464,266.5,True,0.1371;0.1617;0.1297;0.1090;-0.0118;0.1369
level2_spatial_tone_backbone_early,level_1_vs_level_2,backbone.early,"spatial_tone_curve(P=8,grid_size=3)",,0.0843,0.1249,0.0527,6,4464,248.2,True,0.1591;0.1660;0.1548;0.1174;0.0125;0.1398
level2_spatial_tone_backbone_early_proj,level_1_vs_level_2,backbone.early+proj,"spatial_tone_curve(P=8,grid_size=3)",,0.1013,0.1351,0.0575,6,4464,262.2,True,0.1737;0.1853;0.1546;0.1263;0.0132;0.1575
level2_spatial_tone_backbone_late,level_1_vs_level_2,backbone.late,"spatial_tone_curve(P=8,grid_size=3)",,0.1470,0.1808,0.0526,6,4752,279.2,True,0.1841;0.2403;0.1665;0.1905;0.0774;0.2262
level2_spatial_tone_backbone_late_proj,level_1_vs_level_2,backbone.late+proj,"spatial_tone_curve(P=8,grid_size=3)",,0.1580,0.1947,0.0530,6,4752,285.7,True,0.2004;0.2557;0.1734;0.2007;0.0940;0.2442
level2_spatial_tone_backbone_mid,level_1_vs_level_2,backbone.mid,"spatial_tone_curve(P=8,grid_size=3)",,0.0518,0.0619,0.0336,6,2304,136.3,True,0.0780;0.0865;0.0834;0.0604;-0.0108;0.0742
level2_spatial_tone_backbone_mid_proj,level_1_vs_level_2,backbone.mid+proj,"spatial_tone_curve(P=8,grid_size=3)",,0.0712,0.0839,0.0402,6,4464,269.6,True,0.1033;0.1227;0.0902;0.0820;-0.0012;0.1063
level2_spatial_tone_proj_decoder,level_1_vs_level_2,proj+decoder,"spatial_tone_curve(P=8,grid_size=3)",,0.0476,0.0573,0.0213,6,3744,229.8,True,0.0760;0.0488;0.0656;0.0506;0.0188;0.0840
level2_spatial_tone_projector,level_1_vs_level_2,projector,"spatial_tone_curve(P=8,grid_size=3)",,0.2333,0.3071,0.0672,6,4752,273.2,True,0.3338;0.3730;0.2590;0.3071;0.1882;0.3817
level2_tone_curve_backbone_all,level_1_vs_level_2,backbone.all,tone_curve(P=16),,0.0716,0.0802,0.0392,6,4320,205.4,True,0.0964;0.1152;0.0994;0.0777;-0.0040;0.0965
level2_tone_curve_backbone_all_proj,level_1_vs_level_2,backbone.all+proj,tone_curve(P=16),,0.0767,0.0862,0.0408,6,3600,158.0,True,0.1046;0.1257;0.0996;0.0822;-0.0004;0.1055
level2_tone_curve_backbone_early,level_1_vs_level_2,backbone.early,tone_curve(P=16),,0.0746,0.1078,0.0400,6,4320,158.4,True,0.1330;0.1383;0.1333;0.1035;0.0223;0.1163
level2_tone_curve_backbone_early_proj,level_1_vs_level_2,backbone.early+proj,tone_curve(P=16),,0.0831,0.1159,0.0429,6,7056,301.1,True,0.1435;0.1567;0.1305;0.1049;0.0265;0.1334
level2_tone_curve_backbone_late,level_1_vs_level_2,backbone.late,tone_curve(P=16),,0.1144,0.1481,0.0488,6,7200,306.3,False,0.1590;0.2039;0.1309;0.1537;0.0527;0.1883
level2_tone_curve_backbone_late_proj,level_1_vs_level_2,backbone.late+proj,tone_curve(P=16),,0.1220,0.1593,0.0524,6,7200,308.9,False,0.1749;0.2201;0.1328;0.1603;0.0612;0.2064
level2_tone_curve_backbone_mid,level_1_vs_level_2,backbone.mid,tone_curve(P=16),,0.0398,0.0423,0.0240,6,4320,184.1,True,0.0515;0.0625;0.0619;0.0392;-0.0082;0.0471
level2_tone_curve_backbone_mid_proj,level_1_vs_level_2,backbone.mid+proj,tone_curve(P=16),,0.0555,0.0630,0.0283,6,3600,145.6,True,0.0787;0.0923;0.0667;0.0563;0.0047;0.0790
level2_tone_curve_proj_decoder,level_1_vs_level_2,proj+decoder,tone_curve(P=16),,0.0380,0.0491,0.0301,6,3024,114.4,True,0.0729;0.0666;0.0653;0.0438;-0.0151;0.0608
level2_tone_curve_projector,level_1_vs_level_2,projector,tone_curve(P=16),,0.1873,0.2412,0.0814,6,7200,168.1,False,0.3016;0.3315;0.1640;0.2196;0.1148;0.3155
level3_affine_backbone_all_proj,level_1_vs_level_3,backbone.all+proj,affine_6param,,0.0124,0.0097,0.0031,6,1584,63.9,True,0.0163;0.0074;0.0093;0.0081;0.0070;0.0100
level3_affine_backbone_all,level_1_vs_level_3,backbone.all,affine_6param,,0.0103,0.0093,0.0031,6,1584,63.6,True,0.0157;0.0069;0.0096;0.0073;0.0068;0.0097
level3_affine_backbone_early_proj,level_1_vs_level_3,backbone.early+proj,affine_6param,,0.0076,0.0140,0.0060,6,3312,127.8,True,0.0248;0.0096;0.0088;0.0115;0.0193;0.0099
level3_affine_backbone_early,level_1_vs_level_3,backbone.early,affine_6param,,0.0063,0.0153,0.0045,6,3600,124.8,True,0.0199;0.0095;0.0111;0.0150;0.0222;0.0142
level3_affine_backbone_late_proj,level_1_vs_level_3,backbone.late+proj,affine_6param,,0.0311,0.0777,0.0181,6,3888,151.3,True,0.1157;0.0774;0.0651;0.0686;0.0612;0.0779
level3_affine_backbone_late,level_1_vs_level_3,backbone.late,affine_6param,,0.0283,0.0738,0.0200,6,4320,163.5,True,0.1089;0.0866;0.0579;0.0646;0.0481;0.0766
level3_affine_backbone_mid_proj,level_1_vs_level_3,backbone.mid+proj,affine_6param,,0.0071,0.0084,0.0028,6,1584,64.2,True,0.0075;0.0058;0.0136;0.0081;0.0054;0.0103
level3_affine_backbone_mid,level_1_vs_level_3,backbone.mid,affine_6param,,0.0027,0.0037,0.0012,6,1584,62.2,True,0.0020;0.0041;0.0046;0.0052;0.0021;0.0042
level3_affine_proj_decoder,level_1_vs_level_3,proj+decoder,affine_6param,,0.0105,0.0250,0.0160,6,3024,125.5,True,0.0580;0.0175;0.0068;0.0219;0.0183;0.0277
level3_affine_projector,level_1_vs_level_3,projector,affine_6param,,0.0533,0.1115,0.0562,6,4896,195.9,True,0.2165;0.1273;0.0798;0.0554;0.0564;0.1339
level3_brightness_backbone_all_proj,level_1_vs_level_3,backbone.all+proj,brightness_2param,,0.0041,0.0050,0.0062,6,2880,119.5,True,0.0178;0.0018;0.0031;0.0012;-0.0010;0.0070
level3_brightness_backbone_all,level_1_vs_level_3,backbone.all,brightness_2param,,0.0034,0.0050,0.0054,6,2880,118.7,True,0.0155;0.0018;0.0053;0.0015;-0.0011;0.0073
level3_brightness_backbone_early_proj,level_1_vs_level_3,backbone.early+proj,brightness_2param,,0.0018,0.0119,0.0047,6,2880,111.4,True,0.0211;0.0071;0.0087;0.0084;0.0138;0.0124
level3_brightness_backbone_early,level_1_vs_level_3,backbone.early,brightness_2param,,0.0008,0.0123,0.0035,6,3888,132.0,True,0.0180;0.0074;0.0119;0.0090;0.0144;0.0133
level3_brightness_backbone_late_proj,level_1_vs_level_3,backbone.late+proj,brightness_2param,,0.0322,0.0527,0.0172,6,2448,94.7,True,0.0875;0.0573;0.0345;0.0424;0.0521;0.0424
level3_brightness_backbone_late,level_1_vs_level_3,backbone.late,brightness_2param,,0.0300,0.0507,0.0142,6,2016,73.6,True,0.0802;0.0538;0.0449;0.0374;0.0480;0.0398
level3_brightness_backbone_mid_proj,level_1_vs_level_3,backbone.mid+proj,brightness_2param,,0.0030,0.0005,0.0043,6,1872,69.6,True,0.0068;0.0000;-0.0012;-0.0025;-0.0054;0.0056
level3_brightness_backbone_mid,level_1_vs_level_3,backbone.mid,brightness_2param,,0.0010,0.0024,0.0017,6,1872,69.1,True,0.0004;0.0022;0.0037;0.0038;-0.0001;0.0044
level3_brightness_proj_decoder,level_1_vs_level_3,proj+decoder,brightness_2param,,0.0097,0.0134,0.0065,6,2304,93.7,True,0.0216;0.0075;0.0161;0.0207;0.0046;0.0099
level3_brightness_projector,level_1_vs_level_3,projector,brightness_2param,,0.0542,0.0679,0.0464,6,2448,99.9,True,0.1549;0.0826;0.0038;0.0433;0.0487;0.0739
level3_ccm_backbone_all_proj,level_1_vs_level_3,backbone.all+proj,ccm_high_order,,0.0540,0.0928,0.0235,6,3600,153.1,True,0.1163;0.1106;0.1033;0.0945;0.0450;0.0872
level3_ccm_backbone_all,level_1_vs_level_3,backbone.all,ccm_high_order,,0.0528,0.0881,0.0250,6,4608,196.1,True,0.1113;0.1063;0.1030;0.0883;0.0370;0.0828
level3_ccm_backbone_early_proj,level_1_vs_level_3,backbone.early+proj,ccm_high_order,,0.0466,0.0660,0.0155,6,4032,171.2,True,0.0938;0.0682;0.0726;0.0587;0.0431;0.0600
level3_ccm_backbone_early,level_1_vs_level_3,backbone.early,ccm_high_order,,0.0359,0.0532,0.0100,6,2736,113.7,True,0.0685;0.0538;0.0642;0.0452;0.0425;0.0450
level3_ccm_backbone_late_proj,level_1_vs_level_3,backbone.late+proj,ccm_high_order,,0.0787,0.1781,0.0526,6,5904,254.5,True,0.2231;0.2285;0.1846;0.1774;0.0688;0.1865
level3_ccm_backbone_late,level_1_vs_level_3,backbone.late,ccm_high_order,,0.0765,0.1674,0.0502,6,3168,137.5,True,0.2044;0.2218;0.1734;0.1671;0.0639;0.1736
level3_ccm_backbone_mid_proj,level_1_vs_level_3,backbone.mid+proj,ccm_high_order,,0.0495,0.0765,0.0233,6,3600,156.3,True,0.0935;0.0905;0.0891;0.0831;0.0257;0.0773
level3_ccm_backbone_mid,level_1_vs_level_3,backbone.mid,ccm_high_order,,0.0396,0.0616,0.0235,6,4608,191.8,True,0.0732;0.0773;0.0820;0.0658;0.0115;0.0601
level3_ccm_proj_decoder,level_1_vs_level_3,proj+decoder,ccm_high_order,,0.0136,0.0304,0.0092,6,1728,75.3,True,0.0471;0.0237;0.0212;0.0288;0.0239;0.0377
level3_ccm_projector,level_1_vs_level_3,projector,ccm_high_order,,0.0982,0.1914,0.0483,6,2880,119.9,True,0.2440;0.2205;0.1333;0.1869;0.1236;0.2401
level3_chromatic_backbone_all_proj,level_1_vs_level_3,backbone.all+proj,chromatic_adaptation,,0.0013,0.0039,0.0041,6,2448,101.9,True,0.0008;0.0007;0.0067;0.0071;-0.0014;0.0096
level3_chromatic_backbone_all,level_1_vs_level_3,backbone.all,chromatic_adaptation,,0.0009,0.0037,0.0037,6,2448,101.4,True,-0.0001;0.0012;0.0051;0.0075;-0.0004;0.0090
level3_chromatic_backbone_early_proj,level_1_vs_level_3,backbone.early+proj,chromatic_adaptation,,0.0003,0.0017,0.0032,6,2160,89.0,True,-0.0016;-0.0000;0.0004;0.0043;-0.0003;0.0076
level3_chromatic_backbone_early,level_1_vs_level_3,backbone.early,chromatic_adaptation,,0.0001,0.0013,0.0038,6,1584,48.6,True,-0.0038;-0.0003;0.0001;0.0039;-0.0003;0.0080
level3_chromatic_backbone_late_proj,level_1_vs_level_3,backbone.late+proj,chromatic_adaptation,,0.0300,0.0689,0.0101,6,1728,67.5,True,0.0802;0.0627;0.0827;0.0641;0.0697;0.0538
level3_chromatic_backbone_late,level_1_vs_level_3,backbone.late,chromatic_adaptation,,0.0290,0.0647,0.0101,6,1728,66.2,True,0.0670;0.0612;0.0780;0.0625;0.0731;0.0462
level3_chromatic_backbone_mid_proj,level_1_vs_level_3,backbone.mid+proj,chromatic_adaptation,,0.0041,0.0117,0.0040,6,1584,62.7,True,0.0116;0.0105;0.0186;0.0116;0.0048;0.0131
level3_chromatic_backbone_mid,level_1_vs_level_3,backbone.mid,chromatic_adaptation,,0.0016,0.0052,0.0039,6,1872,67.2,True,-0.0018;0.0032;0.0109;0.0075;0.0050;0.0066
level3_chromatic_proj_decoder,level_1_vs_level_3,proj+decoder,chromatic_adaptation,,0.0091,0.0172,0.0064,6,1728,70.1,True,0.0211;0.0077;0.0268;0.0209;0.0117;0.0149
level3_chromatic_projector,level_1_vs_level_3,projector,chromatic_adaptation,,0.0473,0.1059,0.0452,6,1872,73.5,True,0.1974;0.0872;0.1123;0.0837;0.0508;0.1041
level3_gamma_backbone_all_proj,level_1_vs_level_3,backbone.all+proj,gamma_3param,,0.0184,0.0364,0.0135,6,1584,65.1,True,0.0573;0.0401;0.0325;0.0346;0.0417;0.0120
level3_gamma_backbone_all,level_1_vs_level_3,backbone.all,gamma_3param,,0.0158,0.0343,0.0135,6,1584,60.3,True,0.0550;0.0377;0.0332;0.0302;0.0399;0.0096
level3_gamma_backbone_early_proj,level_1_vs_level_3,backbone.early+proj,gamma_3param,,0.0086,0.0250,0.0169,6,3600,138.3,True,0.0524;0.0255;0.0265;0.0196;0.0311;-0.0048
level3_gamma_backbone_early,level_1_vs_level_3,backbone.early,gamma_3param,,0.0064,0.0222,0.0155,6,3600,124.7,True,0.0458;0.0225;0.0274;0.0135;0.0289;-0.0050
level3_gamma_backbone_late_proj,level_1_vs_level_3,backbone.late+proj,gamma_3param,,0.0783,0.1071,0.0183,6,2448,96.8,True,0.1196;0.1318;0.0770;0.1118;0.1122;0.0901
level3_gamma_backbone_late,level_1_vs_level_3,backbone.late,gamma_3param,,0.0742,0.1048,0.0180,6,2736,102.2,True,0.1182;0.1291;0.0795;0.1036;0.1148;0.0838
level3_gamma_backbone_mid_proj,level_1_vs_level_3,backbone.mid+proj,gamma_3param,,0.0176,0.0301,0.0087,6,2736,106.5,True,0.0402;0.0302;0.0201;0.0400;0.0322;0.0180
level3_gamma_backbone_mid,level_1_vs_level_3,backbone.mid,gamma_3param,,0.0085,0.0219,0.0057,6,1584,59.9,True,0.0283;0.0210;0.0210;0.0245;0.0259;0.0106
level3_gamma_proj_decoder,level_1_vs_level_3,proj+decoder,gamma_3param,,0.0198,0.0257,0.0054,6,2448,100.7,True,0.0250;0.0264;0.0216;0.0174;0.0337;0.0303
level3_gamma_projector,level_1_vs_level_3,projector,gamma_3param,,0.1132,0.1283,0.0411,6,2448,100.1,True,0.1390;0.1474;0.0564;0.1906;0.1040;0.1326
level3_local_tonemap_backbone_all_proj,level_1_vs_level_3,backbone.all+proj,local_tonemap(grid_size=4),,0.0084,0.0235,0.0056,6,2304,98.6,True,0.0316;0.0154;0.0223;0.0281;0.0181;0.0256
level3_local_tonemap_backbone_all,level_1_vs_level_3,backbone.all,local_tonemap(grid_size=4),,0.0067,0.0207,0.0047,6,3456,150.0,True,0.0274;0.0138;0.0201;0.0246;0.0159;0.0221
level3_local_tonemap_backbone_early_proj,level_1_vs_level_3,backbone.early+proj,local_tonemap(grid_size=4),,0.0027,0.0179,0.0047,6,3456,150.7,True,0.0227;0.0120;0.0159;0.0199;0.0126;0.0242
level3_local_tonemap_backbone_early,level_1_vs_level_3,backbone.early,local_tonemap(grid_size=4),,0.0012,0.0138,0.0020,6,3456,131.2,True,0.0139;0.0109;0.0143;0.0142;0.0122;0.0174
level3_local_tonemap_backbone_late_proj,level_1_vs_level_3,backbone.late+proj,local_tonemap(grid_size=4),,0.0503,0.0944,0.0157,6,2592,112.0,True,0.1268;0.0829;0.0819;0.0939;0.0834;0.0977
level3_local_tonemap_backbone_late,level_1_vs_level_3,backbone.late,local_tonemap(grid_size=4),,0.0474,0.0899,0.0133,6,2592,112.3,True,0.1178;0.0769;0.0829;0.0892;0.0820;0.0907
level3_local_tonemap_backbone_mid_proj,level_1_vs_level_3,backbone.mid+proj,local_tonemap(grid_size=4),,0.0051,0.0142,0.0039,6,3456,149.2,True,0.0197;0.0117;0.0107;0.0164;0.0092;0.0174
level3_local_tonemap_backbone_mid,level_1_vs_level_3,backbone.mid,local_tonemap(grid_size=4),,0.0017,0.0080,0.0009,6,3456,144.1,True,0.0084;0.0076;0.0087;0.0092;0.0065;0.0077
level3_local_tonemap_proj_decoder,level_1_vs_level_3,proj+decoder,local_tonemap(grid_size=4),,0.0109,0.0213,0.0108,6,1728,76.2,True,0.0365;0.0034;0.0252;0.0172;0.0306;0.0152
level3_local_tonemap_projector,level_1_vs_level_3,projector,local_tonemap(grid_size=4),,0.0800,0.1369,0.0448,6,2016,85.9,True,0.2108;0.1449;0.0733;0.1357;0.0941;0.1628
level3_lut3d_backbone_all_proj,level_1_vs_level_3,backbone.all+proj,lut_3d(size=9),,0.0356,0.1062,0.0227,6,2448,104.8,True,0.1259;0.1292;0.1148;0.0996;0.0609;0.1066
level3_lut3d_backbone_all,level_1_vs_level_3,backbone.all,lut_3d(size=9),,0.0331,0.1025,0.0251,6,3744,158.7,True,0.1204;0.1283;0.1137;0.0986;0.0510;0.1029
level3_lut3d_backbone_early_proj,level_1_vs_level_3,backbone.early+proj,lut_3d(size=9),,0.0177,0.0784,0.0191,6,3744,158.3,True,0.1043;0.0876;0.0841;0.0735;0.0413;0.0796
level3_lut3d_backbone_early,level_1_vs_level_3,backbone.early,lut_3d(size=9),,0.0118,0.0654,0.0173,6,3600,127.3,True,0.0850;0.0735;0.0810;0.0573;0.0332;0.0626
level3_lut3d_backbone_late_proj,level_1_vs_level_3,backbone.late+proj,lut_3d(size=9),,0.0754,0.2061,0.0413,6,3744,156.1,True,0.2470;0.2540;0.2015;0.1985;0.1274;0.2084
level3_lut3d_backbone_late,level_1_vs_level_3,backbone.late,lut_3d(size=9),,0.0722,0.2024,0.0393,6,3744,155.9,True,0.2411;0.2490;0.2021;0.1964;0.1281;0.1977
level3_lut3d_backbone_mid_proj,level_1_vs_level_3,backbone.mid+proj,lut_3d(size=9),,0.0359,0.0910,0.0308,6,3744,157.9,True,0.1091;0.1121;0.1049;0.0933;0.0234;0.1034
level3_lut3d_backbone_mid,level_1_vs_level_3,backbone.mid,lut_3d(size=9),,0.0278,0.0779,0.0339,6,2592,108.4,True,0.0887;0.1019;0.1065;0.0746;0.0056;0.0900
level3_lut3d_proj_decoder,level_1_vs_level_3,proj+decoder,lut_3d(size=9),,0.0138,0.0415,0.0145,6,4896,226.7,True,0.0579;0.0530;0.0521;0.0354;0.0158;0.0350
level3_lut3d_projector,level_1_vs_level_3,projector,lut_3d(size=9),,0.1069,0.2394,0.0697,6,2304,109.3,True,0.3219;0.2724;0.2483;0.2344;0.0960;0.2635
level3_matrix_backbone_all_proj,level_1_vs_level_3,backbone.all+proj,matrix_12param,,0.0240,0.0339,0.0088,6,1872,92.4,True,0.0443;0.0409;0.0325;0.0349;0.0165;0.0340
level3_matrix_backbone_all,level_1_vs_level_3,backbone.all,matrix_12param,,0.0223,0.0313,0.0071,6,2736,136.6,True,0.0374;0.0364;0.0330;0.0324;0.0162;0.0327
level3_matrix_backbone_early_proj,level_1_vs_level_3,backbone.early+proj,matrix_12param,,0.0184,0.0286,0.0043,6,4464,234.3,True,0.0377;0.0254;0.0248;0.0274;0.0279;0.0282
level3_matrix_backbone_early,level_1_vs_level_3,backbone.early,matrix_12param,,0.0130,0.0247,0.0039,6,2736,139.0,True,0.0260;0.0202;0.0245;0.0216;0.0325;0.0237
level3_matrix_backbone_late_proj,level_1_vs_level_3,backbone.late+proj,matrix_12param,,0.0464,0.1197,0.0216,6,7056,378.8,True,0.1345;0.1538;0.1136;0.1156;0.0827;0.1181
level3_matrix_backbone_late,level_1_vs_level_3,backbone.late,matrix_12param,,0.0443,0.1163,0.0169,6,7200,387.9,False,0.1185;0.1493;0.1127;0.1131;0.0926;0.1115
level3_matrix_backbone_mid_proj,level_1_vs_level_3,backbone.mid+proj,matrix_12param,,0.0136,0.0177,0.0072,6,3888,213.7,True,0.0231;0.0171;0.0223;0.0192;0.0023;0.0221
level3_matrix_backbone_mid,level_1_vs_level_3,backbone.mid,matrix_12param,,0.0098,0.0122,0.0044,6,3456,186.6,True,0.0069;0.0118;0.0201;0.0139;0.0076;0.0130
level3_matrix_proj_decoder,level_1_vs_level_3,proj+decoder,matrix_12param,,0.0117,0.0255,0.0174,6,2880,161.6,True,0.0541;0.0147;0.0445;0.0120;0.0199;0.0081
level3_matrix_projector,level_1_vs_level_3,projector,matrix_12param,,0.0706,0.1516,0.0533,6,2736,159.3,True,0.2287;0.1686;0.1405;0.1456;0.0510;0.1750
level3_spatial_tone_backbone_all_proj,level_1_vs_level_3,backbone.all+proj,"spatial_tone_curve(P=8,grid_size=3)",,0.0604,0.0917,0.0225,6,4320,258.7,True,0.1202;0.1113;0.0975;0.0860;0.0500;0.0852
level3_spatial_tone_backbone_all,level_1_vs_level_3,backbone.all,"spatial_tone_curve(P=8,grid_size=3)",,0.0559,0.0886,0.0215,6,4320,258.8,True,0.1144;0.1084;0.0975;0.0813;0.0495;0.0803
level3_spatial_tone_backbone_early_proj,level_1_vs_level_3,backbone.early+proj,"spatial_tone_curve(P=8,grid_size=3)",,0.0421,0.0694,0.0241,6,4320,258.7,True,0.1061;0.0785;0.0814;0.0589;0.0272;0.0643
level3_spatial_tone_backbone_early,level_1_vs_level_3,backbone.early,"spatial_tone_curve(P=8,grid_size=3)",,0.0320,0.0612,0.0186,6,3744,212.2,True,0.0885;0.0684;0.0765;0.0494;0.0327;0.0515
level3_spatial_tone_backbone_late_proj,level_1_vs_level_3,backbone.late+proj,"spatial_tone_curve(P=8,grid_size=3)",,0.1363,0.1827,0.0364,6,5040,302.0,True,0.2093;0.2288;0.1693;0.1922;0.1131;0.1834
level3_spatial_tone_backbone_late,level_1_vs_level_3,backbone.late,"spatial_tone_curve(P=8,grid_size=3)",,0.1299,0.1805,0.0328,6,5040,302.0,True,0.2020;0.2275;0.1715;0.1864;0.1201;0.1757
level3_spatial_tone_backbone_mid_proj,level_1_vs_level_3,backbone.mid+proj,"spatial_tone_curve(P=8,grid_size=3)",,0.0550,0.0691,0.0166,6,4320,260.3,True,0.0840;0.0792;0.0692;0.0774;0.0337;0.0709
level3_spatial_tone_backbone_mid,level_1_vs_level_3,backbone.mid,"spatial_tone_curve(P=8,grid_size=3)",,0.0409,0.0582,0.0133,6,4320,257.7,True,0.0645;0.0688;0.0687;0.0615;0.0303;0.0555
level3_spatial_tone_proj_decoder,level_1_vs_level_3,proj+decoder,"spatial_tone_curve(P=8,grid_size=3)",,0.0305,0.0360,0.0157,6,3744,214.5,True,0.0455;0.0249;0.0393;0.0603;0.0104;0.0354
level3_spatial_tone_projector,level_1_vs_level_3,projector,"spatial_tone_curve(P=8,grid_size=3)",,0.1800,0.2164,0.0901,6,4176,234.4,True,0.3022;0.2692;0.1882;0.2408;0.0306;0.2673
level3_tone_curve_backbone_all_proj,level_1_vs_level_3,backbone.all+proj,tone_curve(P=16),,0.0490,0.0746,0.0159,6,1872,93.0,True,0.0995;0.0878;0.0755;0.0734;0.0536;0.0579
level3_tone_curve_backbone_all,level_1_vs_level_3,backbone.all,tone_curve(P=16),,0.0455,0.0721,0.0155,6,1872,91.6,True,0.0949;0.0852;0.0768;0.0694;0.0522;0.0542
level3_tone_curve_backbone_early_proj,level_1_vs_level_3,backbone.early+proj,tone_curve(P=16),,0.0352,0.0500,0.0160,6,2736,121.7,True,0.0779;0.0542;0.0548;0.0478;0.0252;0.0400
level3_tone_curve_backbone_early,level_1_vs_level_3,backbone.early,tone_curve(P=16),,0.0263,0.0419,0.0134,6,3600,136.7,True,0.0626;0.0445;0.0533;0.0382;0.0228;0.0301
level3_tone_curve_backbone_late_proj,level_1_vs_level_3,backbone.late+proj,tone_curve(P=16),,0.1138,0.1646,0.0242,6,2160,90.8,True,0.1749;0.1990;0.1430;0.1822;0.1265;0.1620
level3_tone_curve_backbone_late,level_1_vs_level_3,backbone.late,tone_curve(P=16),,0.1089,0.1583,0.0271,6,2592,107.8,True,0.1793;0.1975;0.1425;0.1701;0.1153;0.1449
level3_tone_curve_backbone_mid_proj,level_1_vs_level_3,backbone.mid+proj,tone_curve(P=16),,0.0414,0.0548,0.0108,6,1872,78.4,True,0.0684;0.0614;0.0528;0.0626;0.0361;0.0472
level3_tone_curve_backbone_mid,level_1_vs_level_3,backbone.mid,tone_curve(P=16),,0.0297,0.0446,0.0090,6,1872,72.7,True,0.0514;0.0516;0.0523;0.0480;0.0298;0.0344
level3_tone_curve_proj_decoder,level_1_vs_level_3,proj+decoder,tone_curve(P=16),,0.0246,0.0351,0.0095,6,4032,123.8,True,0.0417;0.0394;0.0438;0.0391;0.0160;0.0305
level3_tone_curve_projector,level_1_vs_level_3,projector,tone_curve(P=16),,0.1578,0.1830,0.0550,6,2592,64.7,True,0.2032;0.1913;0.1237;0.2531;0.0983;0.2283
p2_lut3d_s13_lv2,level_1_vs_level_2,phase2_group,lut_3d(size=13),,0.0,0.0,0.0,0,0,0.0,False,ERROR: Config 'p2_lut3d_s13_lv2': no train/test pairs under data/datasets/level_1_vs_level_2
p2_lut3d_s13_lv3,level_1_vs_level_3,phase2_group,lut_3d(size=13),,0.1110,0.2213,0.0872,6,1872,92.2,True,0.2942;0.2361;0.2247;0.2602;0.0335;0.2789
p2_lut3d_s17_lv2,level_1_vs_level_2,phase2_group,lut_3d(size=17),,0.0,0.0,0.0,0,0,0.0,False,ERROR: Config 'p2_lut3d_s17_lv2': no train/test pairs under data/datasets/level_1_vs_level_2
p2_lut3d_s17_lv3,level_1_vs_level_3,phase2_group,lut_3d(size=17),,0.1151,0.2187,0.0706,6,1872,91.1,True,0.2863;0.1933;0.2780;0.2566;0.0783;0.2196
p2_stc_P12_g3_lv2,level_1_vs_level_2,phase2_group,"spatial_tone_curve(P=12,grid_size=3)",,0.0,0.0,0.0,0,0,0.0,False,ERROR: Config 'p2_stc_P12_g3_lv2': no train/test pairs under data/datasets/level_1_vs_level_2
p2_stc_P12_g3_lv3,level_1_vs_level_3,phase2_group,"spatial_tone_curve(P=12,grid_size=3)",,0.1838,0.2212,0.0839,6,4176,246.3,True,0.3126;0.2746;0.1904;0.2339;0.0532;0.2626
p2_stc_P12_g4_lv2,level_1_vs_level_2,phase2_group,"spatial_tone_curve(P=12,grid_size=4)",,0.0,0.0,0.0,0,0,0.0,False,ERROR: Config 'p2_stc_P12_g4_lv2': no train/test pairs under data/datasets/level_1_vs_level_2
p2_stc_P12_g4_lv3,level_1_vs_level_3,phase2_group,"spatial_tone_curve(P=12,grid_size=4)",,0.1903,0.2343,0.0804,6,3312,186.9,True,0.3328;0.2911;0.1950;0.2328;0.0829;0.2709
p2_stc_P12_g5_lv2,level_1_vs_level_2,phase2_group,"spatial_tone_curve(P=12,grid_size=5)",,0.0,0.0,0.0,0,0,0.0,False,ERROR: Config 'p2_stc_P12_g5_lv2': no train/test pairs under data/datasets/level_1_vs_level_2
p2_stc_P12_g5_lv3,level_1_vs_level_3,phase2_group,"spatial_tone_curve(P=12,grid_size=5)",,0.1996,0.2392,0.0843,6,3312,197.5,True,0.3214;0.2828;0.2493;0.2323;0.0617;0.2876
p2_stc_P16_g3_lv2,level_1_vs_level_2,phase2_group,"spatial_tone_curve(P=16,grid_size=3)",,0.0,0.0,0.0,0,0,0.0,False,ERROR: Config 'p2_stc_P16_g3_lv2': no train/test pairs under data/datasets/level_1_vs_level_2
p2_stc_P16_g3_lv3,level_1_vs_level_3,phase2_group,"spatial_tone_curve(P=16,grid_size=3)",,0.1835,0.2275,0.0800,6,3312,200.9,True,0.3201;0.2720;0.1998;0.2356;0.0684;0.2688
p2_stc_P16_g4_lv2,level_1_vs_level_2,phase2_group,"spatial_tone_curve(P=16,grid_size=4)",,0.0,0.0,0.0,0,0,0.0,False,ERROR: Config 'p2_stc_P16_g4_lv2': no train/test pairs under data/datasets/level_1_vs_level_2
p2_stc_P16_g4_lv3,level_1_vs_level_3,phase2_group,"spatial_tone_curve(P=16,grid_size=4)",,0.1990,0.2451,0.0791,6,5040,290.3,True,0.3358;0.2939;0.2266;0.2470;0.0860;0.2812
p2_stc_P16_g5_lv2,level_1_vs_level_2,phase2_group,"spatial_tone_curve(P=16,grid_size=5)",,0.0,0.0,0.0,0,0,0.0,False,ERROR: Config 'p2_stc_P16_g5_lv2': no train/test pairs under data/datasets/level_1_vs_level_2
p2_stc_P16_g5_lv3,level_1_vs_level_3,phase2_group,"spatial_tone_curve(P=16,grid_size=5)",,0.2066,0.2439,0.0794,6,4608,256.8,True,0.3376;0.2763;0.2438;0.2393;0.0816;0.2848
p2_stc_P8_g4_lv2,level_1_vs_level_2,phase2_group,"spatial_tone_curve(P=8,grid_size=4)",,0.0,0.0,0.0,0,0,0.0,False,ERROR: Config 'p2_stc_P8_g4_lv2': no train/test pairs under data/datasets/level_1_vs_level_2
p2_stc_P8_g4_lv3,level_1_vs_level_3,phase2_group,"spatial_tone_curve(P=8,grid_size=4)",,0.1864,0.2286,0.0818,6,3312,187.5,True,0.3247;0.2827;0.1966;0.2348;0.0684;0.2644
p2_stc_P8_g5_lv2,level_1_vs_level_2,phase2_group,"spatial_tone_curve(P=8,grid_size=5)",,0.0,0.0,0.0,0,0,0.0,False,ERROR: Config 'p2_stc_P8_g5_lv2': no train/test pairs under data/datasets/level_1_vs_level_2
p2_stc_P8_g5_lv3,level_1_vs_level_3,phase2_group,"spatial_tone_curve(P=8,grid_size=5)",,0.2043,0.2420,0.0777,6,7200,335.8,False,0.3181;0.2701;0.2387;0.2750;0.0760;0.2738
p2_tone_P16_lv2,level_1_vs_level_2,phase2_group,tone_curve(P=16),,0.0,0.0,0.0,0,0,0.0,False,ERROR: Config 'p2_tone_P16_lv2': no train/test pairs under data/datasets/level_1_vs_level_2
p2_tone_P16_lv3,level_1_vs_level_3,phase2_group,tone_curve(P=16),,0.1578,0.1830,0.0550,6,2592,120.0,True,0.2032;0.1913;0.1238;0.2531;0.0983;0.2284
p2_tone_P24_lv2,level_1_vs_level_2,phase2_group,tone_curve(P=24),,0.0,0.0,0.0,0,0,0.0,False,ERROR: Config 'p2_tone_P24_lv2': no train/test pairs under data/datasets/level_1_vs_level_2
p2_tone_P24_lv3,level_1_vs_level_3,phase2_group,tone_curve(P=24),,0.1642,0.1839,0.0676,6,2592,118.9,True,0.1988;0.2151;0.1392;0.2567;0.0569;0.2369
p2_tone_P32_lv2,level_1_vs_level_2,phase2_group,tone_curve(P=32),,0.0,0.0,0.0,0,0,0.0,False,ERROR: Config 'p2_tone_P32_lv2': no train/test pairs under data/datasets/level_1_vs_level_2
p2_tone_P32_lv3,level_1_vs_level_3,phase2_group,tone_curve(P=32),,0.1669,0.1834,0.0602,6,2592,111.2,True,0.1975;0.1968;0.1437;0.2562;0.0735;0.2326
p2_lut3d_s13_lv2,level_1_vs_level_2,phase2_group,lut_3d(size=13),,0.2526,0.3011,0.1008,6,984,41.3,True,0.3981;0.4049;0.1924;0.2964;0.1453;0.3698
p2_lut3d_s13_lv3,level_1_vs_level_3,phase2_group,lut_3d(size=13),,0.1091,0.2243,0.0921,6,1872,83.1,True,0.3076;0.2225;0.2775;0.2586;0.0266;0.2531
p2_lut3d_s17_lv2,level_1_vs_level_2,phase2_group,lut_3d(size=17),,0.2765,0.3002,0.0930,6,1435,63.8,True,0.3928;0.4053;0.2050;0.2688;0.1652;0.3639
p2_lut3d_s17_lv3,level_1_vs_level_3,phase2_group,lut_3d(size=17),,0.1164,0.2161,0.0649,6,1872,83.0,True,0.2873;0.1719;0.2655;0.2492;0.0954;0.2274
p2_stc_P12_g3_lv2,level_1_vs_level_2,phase2_group,"spatial_tone_curve(P=12,grid_size=3)",,0.2891,0.3068,0.0868,6,2050,125.9,False,0.3460;0.4006;0.2475;0.3283;0.1443;0.3739
p2_stc_P12_g3_lv3,level_1_vs_level_3,phase2_group,"spatial_tone_curve(P=12,grid_size=3)",,0.1821,0.2210,0.0858,6,3312,196.5,True,0.3157;0.2766;0.1917;0.2300;0.0495;0.2624
p2_stc_P12_g4_lv2,level_1_vs_level_2,phase2_group,"spatial_tone_curve(P=12,grid_size=4)",,0.3065,0.3221,0.0854,6,2050,129.4,False,0.3532;0.4176;0.2476;0.3478;0.1725;0.3937
p2_stc_P12_g4_lv3,level_1_vs_level_3,phase2_group,"spatial_tone_curve(P=12,grid_size=4)",,0.1903,0.2342,0.0803,6,3312,193.3,True,0.3328;0.2911;0.1948;0.2327;0.0831;0.2708
p2_stc_P12_g5_lv2,level_1_vs_level_2,phase2_group,"spatial_tone_curve(P=12,grid_size=5)",,0.3083,0.3268,0.0961,6,2050,123.2,False,0.3698;0.4242;0.2495;0.3540;0.1527;0.4105
p2_stc_P12_g5_lv3,level_1_vs_level_3,phase2_group,"spatial_tone_curve(P=12,grid_size=5)",,0.2005,0.2399,0.0832,6,3312,185.9,True,0.3211;0.2837;0.2485;0.2339;0.0649;0.2874
p2_stc_P16_g3_lv2,level_1_vs_level_2,phase2_group,"spatial_tone_curve(P=16,grid_size=3)",,0.2939,0.3132,0.0889,6,2050,133.9,False,0.3525;0.4153;0.2466;0.3287;0.1525;0.3834
p2_stc_P16_g3_lv3,level_1_vs_level_3,phase2_group,"spatial_tone_curve(P=16,grid_size=3)",,0.1836,0.2266,0.0802,6,3312,200.9,True,0.3192;0.2715;0.2012;0.2316;0.0670;0.2692
p2_stc_P16_g4_lv2,level_1_vs_level_2,phase2_group,"spatial_tone_curve(P=16,grid_size=4)",,0.3112,0.3263,0.0875,6,2050,129.6,False,0.3534;0.4283;0.2616;0.3355;0.1716;0.4075
p2_stc_P16_g4_lv3,level_1_vs_level_3,phase2_group,"spatial_tone_curve(P=16,grid_size=4)",,0.1990,0.2453,0.0789,6,5040,284.2,True,0.3360;0.2941;0.2252;0.2471;0.0873;0.2821
p2_stc_P16_g5_lv2,level_1_vs_level_2,phase2_group,"spatial_tone_curve(P=16,grid_size=5)",,0.3142,0.3338,0.0932,6,2050,124.3,False,0.3569;0.4306;0.2754;0.3487;0.1621;0.4292
p2_stc_P16_g5_lv3,level_1_vs_level_3,phase2_group,"spatial_tone_curve(P=16,grid_size=5)",,0.2085,0.2448,0.0862,6,5040,281.2,True,0.3323;0.2771;0.2622;0.2454;0.0618;0.2902
p2_stc_P8_g4_lv2,level_1_vs_level_2,phase2_group,"spatial_tone_curve(P=8,grid_size=4)",,0.2947,0.3240,0.0678,6,2050,122.5,False,0.3493;0.4018;0.2770;0.3149;0.2072;0.3943
p2_stc_P8_g4_lv3,level_1_vs_level_3,phase2_group,"spatial_tone_curve(P=8,grid_size=4)",,0.1863,0.2284,0.0816,6,3312,181.3,True,0.3245;0.2823;0.1962;0.2343;0.0689;0.2641
p2_stc_P8_g5_lv2,level_1_vs_level_2,phase2_group,"spatial_tone_curve(P=8,grid_size=5)",,0.2974,0.3282,0.0815,6,2050,114.4,False,0.3565;0.4060;0.2731;0.3349;0.1806;0.4181
p2_stc_P8_g5_lv3,level_1_vs_level_3,phase2_group,"spatial_tone_curve(P=8,grid_size=5)",,0.1978,0.2395,0.0784,6,4608,191.1,True,0.3243;0.2793;0.2316;0.2508;0.0762;0.2747
p2_tone_P16_lv2,level_1_vs_level_2,phase2_group,tone_curve(P=16),,0.2298,0.2213,0.0620,6,820,39.6,True,0.2778;0.2857;0.1834;0.2006;0.1131;0.2673
p2_tone_P16_lv3,level_1_vs_level_3,phase2_group,tone_curve(P=16),,0.1578,0.1830,0.0549,6,2592,114.5,True,0.2032;0.1913;0.1238;0.2531;0.0983;0.2283
p2_tone_P24_lv2,level_1_vs_level_2,phase2_group,tone_curve(P=24),,0.2339,0.2230,0.0627,6,779,36.0,True,0.2888;0.2820;0.1894;0.1993;0.1123;0.2661
p2_tone_P24_lv3,level_1_vs_level_3,phase2_group,tone_curve(P=24),,0.1642,0.1839,0.0676,6,2592,109.7,True,0.1988;0.2151;0.1392;0.2567;0.0570;0.2368
p2_tone_P32_lv2,level_1_vs_level_2,phase2_group,tone_curve(P=32),,0.2367,0.2194,0.0617,6,738,36.1,True,0.2835;0.2769;0.1874;0.1976;0.1094;0.2618
p2_tone_P32_lv3,level_1_vs_level_3,phase2_group,tone_curve(P=32),,0.1669,0.1834,0.0602,6,2592,75.8,True,0.1976;0.1968;0.1436;0.2561;0.0735;0.2326
p2_lut3d_lr0001_lv2,level_1_vs_level_2,phase2_group,lut_3d(size=9),,0.2908,0.2867,0.0875,6,2050,92.2,False,0.3741;0.3751;0.1969;0.2778;0.1496;0.3464
p2_lut3d_lr0001_lv3,level_1_vs_level_3,phase2_group,lut_3d(size=9),,0.1901,0.2501,0.0668,6,4752,201.9,True,0.3249;0.2885;0.2387;0.2299;0.1204;0.2983
p2_lut3d_lr001_lv2,level_1_vs_level_2,phase2_group,lut_3d(size=9),,0.2130,0.2953,0.0851,6,697,29.4,True,0.3583;0.3908;0.2053;0.2986;0.1603;0.3585
p2_lut3d_lr001_lv3,level_1_vs_level_3,phase2_group,lut_3d(size=9),,0.0772,0.2151,0.0531,6,2448,104.2,True,0.2649;0.2262;0.1939;0.2508;0.1075;0.2472
p2_lut3d_reg0001_lv2,level_1_vs_level_2,phase2_group,lut_3d(size=9),,0.2408,0.2968,0.0827,6,1640,75.2,True,0.3519;0.3883;0.2380;0.2848;0.1514;0.3666
p2_lut3d_reg0001_lv3,level_1_vs_level_3,phase2_group,lut_3d(size=9),,0.1103,0.2403,0.0803,6,2304,99.4,True,0.3224;0.2736;0.2437;0.2362;0.0729;0.2927
p2_lut3d_reg005_lv2,level_1_vs_level_2,phase2_group,lut_3d(size=9),,0.2305,0.2951,0.0824,6,1640,76.2,True,0.3519;0.3859;0.2280;0.2917;0.1521;0.3608
p2_lut3d_reg005_lv3,level_1_vs_level_3,phase2_group,lut_3d(size=9),,0.1001,0.2368,0.0622,6,1872,82.0,True,0.3243;0.2580;0.2521;0.2284;0.1154;0.2428
p2_stc_lr0001_lv2,level_1_vs_level_2,phase2_group,"spatial_tone_curve(P=8,grid_size=3)",,0.2227,0.2095,0.0468,6,2050,127.6,False,0.2052;0.2549;0.1824;0.2166;0.1280;0.2698
p2_stc_lr0001_lv3,level_1_vs_level_3,phase2_group,"spatial_tone_curve(P=8,grid_size=3)",,0.2175,0.2153,0.0814,6,7200,373.7,False,0.3029;0.2652;0.1751;0.2352;0.0551;0.2586
p2_stc_lr001_lv2,level_1_vs_level_2,phase2_group,"spatial_tone_curve(P=8,grid_size=3)",,0.2680,0.3145,0.0711,6,1845,118.3,True,0.3503;0.3982;0.2627;0.3059;0.1912;0.3783
p2_stc_lr001_lv3,level_1_vs_level_3,phase2_group,"spatial_tone_curve(P=8,grid_size=3)",,0.1446,0.2162,0.0841,6,2160,131.5,True,0.3153;0.2634;0.1883;0.2322;0.0482;0.2497
p2_stc_reg0001_lv2,level_1_vs_level_2,phase2_group,"spatial_tone_curve(P=8,grid_size=3)",,0.2974,0.3154,0.0774,6,2050,134.0,False,0.3457;0.4096;0.2675;0.3052;0.1784;0.3857
p2_stc_reg0001_lv3,level_1_vs_level_3,phase2_group,"spatial_tone_curve(P=8,grid_size=3)",,0.1880,0.2215,0.0868,6,3312,191.1,True,0.3127;0.2739;0.1889;0.2383;0.0467;0.2685
p2_stc_reg005_lv2,level_1_vs_level_2,phase2_group,"spatial_tone_curve(P=8,grid_size=3)",,0.2555,0.2804,0.0607,6,1968,129.0,True,0.3168;0.3411;0.2454;0.2599;0.1742;0.3449
p2_stc_reg005_lv3,level_1_vs_level_3,phase2_group,"spatial_tone_curve(P=8,grid_size=3)",,0.1873,0.2097,0.0822,6,4752,151.3,True,0.2959;0.2578;0.1814;0.2341;0.0424;0.2466
p2_ccm_b1011_proj_lv2,level_1_vs_level_2,phase2_group,ccm_high_order,,0.1468,0.1962,0.0303,6,1722,79.9,True,0.1992;0.2196;0.1328;0.1918;0.2224;0.2116
p2_ccm_b1011_proj_lv3,level_1_vs_level_3,phase2_group,ccm_high_order,,0.0746,0.1878,0.0383,6,2448,107.3,True,0.2130;0.2487;0.1505;0.1896;0.1327;0.1921
p2_ccm_b11_proj_lv2,level_1_vs_level_2,phase2_group,ccm_high_order,,0.1624,0.2191,0.0355,6,1722,79.9,True,0.2245;0.2403;0.1464;0.2093;0.2553;0.2390
p2_ccm_b11_proj_lv3,level_1_vs_level_3,phase2_group,ccm_high_order,,0.0891,0.1941,0.0447,6,2448,107.2,True,0.2268;0.2669;0.1473;0.1880;0.1362;0.1993
p2_ccm_dec_lv2,level_1_vs_level_2,phase2_group,ccm_high_order,,0.0037,0.0241,0.0199,6,533,24.8,True,0.0519;0.0085;0.0493;0.0000;0.0227;0.0122
p2_ccm_dec_lv3,level_1_vs_level_3,phase2_group,ccm_high_order,,-0.0002,0.0097,0.0190,6,1872,78.9,True,0.0379;0.0120;0.0296;-0.0151;0.0006;-0.0069
p2_ccm_proj_dec_lv2,level_1_vs_level_2,phase2_group,ccm_high_order,,0.0536,0.0773,0.0181,6,533,23.5,True,0.0832;0.0657;0.0872;0.0429;0.0870;0.0979
p2_ccm_proj_dec_lv3,level_1_vs_level_3,phase2_group,ccm_high_order,,0.0211,0.0521,0.0142,6,4752,203.2,True,0.0774;0.0535;0.0464;0.0600;0.0322;0.0432
p2_lut3d_b1011_proj_lv2,level_1_vs_level_2,phase2_group,lut_3d(size=9),,0.1957,0.2544,0.0715,6,820,37.0,True,0.2965;0.3444;0.2113;0.2524;0.1238;0.2978
p2_lut3d_b1011_proj_lv3,level_1_vs_level_3,phase2_group,lut_3d(size=9),,0.0877,0.2333,0.0503,6,3312,143.5,True,0.2847;0.3030;0.2117;0.2100;0.1518;0.2388
p2_lut3d_b11_proj_lv2,level_1_vs_level_2,phase2_group,lut_3d(size=9),,0.2136,0.2811,0.0746,6,902,41.6,True,0.3222;0.3736;0.2196;0.2896;0.1512;0.3304
p2_lut3d_b11_proj_lv3,level_1_vs_level_3,phase2_group,lut_3d(size=9),,0.0982,0.2456,0.0602,6,3312,143.6,True,0.3143;0.3268;0.2159;0.2158;0.1525;0.2482
p2_lut3d_dec_lv2,level_1_vs_level_2,phase2_group,lut_3d(size=9),,0.0028,0.0202,0.0123,6,615,29.6,True,0.0178;-0.0027;0.0276;0.0218;0.0189;0.0380
p2_lut3d_dec_lv3,level_1_vs_level_3,phase2_group,lut_3d(size=9),,-0.0029,0.0144,0.0189,6,1728,76.4,True,0.0319;0.0003;0.0394;-0.0131;0.0250;0.0027
p2_lut3d_proj_dec_lv2,level_1_vs_level_2,phase2_group,lut_3d(size=9),,0.0617,0.0897,0.0319,6,1189,54.3,True,0.1117;0.1150;0.0675;0.0931;0.0304;0.1205
p2_lut3d_proj_dec_lv3,level_1_vs_level_3,phase2_group,lut_3d(size=9),,0.0229,0.0621,0.0247,6,3312,162.5,True,0.1042;0.0617;0.0836;0.0438;0.0456;0.0337
p2_stc_b1011_proj_lv2,level_1_vs_level_2,phase2_group,"spatial_tone_curve(P=8,grid_size=3)",,0.2434,0.2444,0.0619,6,2050,125.2,False,0.2627;0.3129;0.2144;0.2477;0.1271;0.3018
p2_stc_b1011_proj_lv3,level_1_vs_level_3,phase2_group,"spatial_tone_curve(P=8,grid_size=3)",,0.1645,0.2166,0.0556,6,7200,421.4,False,0.2667;0.2827;0.1994;0.2215;0.1101;0.2193
p2_stc_b11_proj_lv2,level_1_vs_level_2,phase2_group,"spatial_tone_curve(P=8,grid_size=3)",,0.2669,0.2751,0.0637,6,2050,127.0,False,0.2995;0.3442;0.2380;0.2738;0.1579;0.3371
p2_stc_b11_proj_lv3,level_1_vs_level_3,phase2_group,"spatial_tone_curve(P=8,grid_size=3)",,0.1772,0.2237,0.0694,6,7200,343.6,False,0.2868;0.2996;0.2068;0.2262;0.0869;0.2359
p2_stc_dec_lv2,level_1_vs_level_2,phase2_group,"spatial_tone_curve(P=8,grid_size=3)",,0.0130,0.0058,0.0261,6,1845,122.3,True,0.0494;0.0084;-0.0033;-0.0156;-0.0295;0.0256
p2_stc_dec_lv3,level_1_vs_level_3,phase2_group,"spatial_tone_curve(P=8,grid_size=3)",,0.0095,0.0013,0.0165,6,2448,154.2,True,0.0285;0.0103;0.0054;-0.0133;-0.0225;-0.0008
p2_stc_proj_dec_lv2,level_1_vs_level_2,phase2_group,"spatial_tone_curve(P=8,grid_size=3)",,0.0840,0.0905,0.0146,6,1640,108.9,True,0.1022;0.0799;0.0954;0.0819;0.0702;0.1133
p2_stc_proj_dec_lv3,level_1_vs_level_3,phase2_group,"spatial_tone_curve(P=8,grid_size=3)",,0.0449,0.0546,0.0134,6,2160,109.7,True,0.0742;0.0492;0.0600;0.0532;0.0302;0.0608
det_stc_combined_lv2,level_1_vs_level_2,projector,"spatial_tone_curve(P=16,grid_size=5)",combined,0.1745,0.1877,0.0559,6,1435,45.3,True,0.2308;0.2128;0.1083;0.1984;0.1178;0.2583
det_stc_combined_lv3,level_1_vs_level_3,projector,"spatial_tone_curve(P=16,grid_size=5)",combined,0.0820,0.0973,0.0724,6,5904,175.8,True,0.2414;0.0582;0.1287;0.0855;0.0238;0.0461
det_stc_detection_lv2,level_1_vs_level_2,projector,"spatial_tone_curve(P=16,grid_size=5)",detection,0.1664,0.1728,0.0448,6,943,30.7,True,0.2138;0.1972;0.1134;0.1525;0.1264;0.2334
det_stc_detection_lv3,level_1_vs_level_3,projector,"spatial_tone_curve(P=16,grid_size=5)",detection,0.0770,0.1097,0.0660,6,2736,85.7,True,0.2147;0.1001;0.1540;0.0985;-0.0028;0.0940
